{"num_feats": 
    [
        "pass_rate", "def_fp_allowed_QB", "def_fp_allowed_RB", "def_fp_allowed_WR",
        "def_fp_allowed_TE", "fantasy_points_ppr_lag1", "fantasy_points_ppr_ma3",
        "fantasy_points_ppr_ma5", "targets_lag1", "targets_ma3", "targets_ma5",
        "carries_lag1", "carries_ma3", "carries_ma5", "receptions_lag1", "receptions_ma3",
        "receptions_ma5", "rushing_yards_lag1", "rushing_yards_ma3", "rushing_yards_ma5",
        "receiving_yards_lag1", "receiving_yards_ma3", "receiving_yards_ma5"
    ], 
"cat_feats": 
    [
        "team_id", "opp_id", "pos_id"
    ], 
"seq_len": 10,
"team_index": 
    {
        "<PAD>": 0, "ARI": 1, "ATL": 2, "BAL": 3, "BUF": 4, "CAR": 5, "CHI": 6, "CIN": 7,
        "CLE": 8, "DAL": 9, "DEN": 10, "DET": 11, "GB": 12, "HOU": 13, "IND": 14, "JAX": 15,
        "KC": 16, "LA": 17, "LAC": 18, "LV": 19, "MIA": 20, "MIN": 21, "NE": 22, "NO": 23,
        "NYG": 24, "NYJ": 25, "PHI": 26, "PIT": 27, "SEA": 28, "SF": 29, "TB": 30, "TEN": 31,
        "WAS": 32
    },
"opp_index": 
    {
        "<PAD>": 0, "ARI": 1, "ATL": 2, "BAL": 3, "BUF": 4, "CAR": 5, "CHI": 6, "CIN": 7,
        "CLE": 8, "DAL": 9, "DEN": 10, "DET": 11, "GB": 12, "HOU": 13, "IND": 14, "JAX": 15,
        "KC": 16, "LA": 17, "LAC": 18, "LV": 19, "MIA": 20, "MIN": 21, "NE": 22, "NO": 23,
        "NYG": 24, "NYJ": 25, "PHI": 26, "PIT": 27, "SEA": 28, "SF": 29, "TB": 30, "TEN": 31,
        "WAS": 32
    }, 
"pos_index": 
    {
        "<PAD>": 0, "QB": 1, "RB": 2, "TE": 3, "WR": 4
    }, 
"num_mu": 
    [
        0.494720995426178, 14.957819938659668, 20.067523956298828, 30.087711334228516, 11.038015365600586,
        8.60017204284668, 8.59890079498291, 8.58676528930664, 3.2229533195495605, 3.2214035987854004,
        3.2173497676849365, 2.622828245162964, 2.6215736865997314, 2.6183061599731445, 2.160311222076416,
        2.158881664276123, 2.155834436416626, 11.509598731994629, 11.513265609741211, 11.499156951904297,
        24.277536392211914, 24.285377502441406, 24.266321182250977
    ],
"num_sd": 
    [
        0.2111748903989792, 9.291340827941895, 12.035050392150879, 17.347965240478516, 8.763047218322754,
        8.373186111450195, 6.802082061767578, 6.398531913757324, 3.3757503032684326, 2.957736015319824,
        2.8485569953918457, 5.210113525390625, 4.859408855438232, 4.749319076538086, 2.4029881954193115,
        2.0281214714050293, 1.9348729848861694, 25.466428756713867, 22.44778823852539, 21.632619857788086,
        32.02688217163086, 26.21356201171875, 24.80063819885254
    ]
}